Folder Name,Folder ID
PSLE EL + MA + SCI,13lzjjYrg86USjvBghWKH81MAP2JtqVkW
PSLE EL,16dE4_XDAHAYWEBmLHB4IXchBhYcbbURh
PSLE MA,1vmbTHGTE0YQD1Dj-COEV04SP1r7ZcDgu
PSLE SCI,10LQpzwTO9A6kebc7puB8EivzT9oA2l5i
P3/P3 EL + MA + SCI,13i8fpK93JZhRGCU9cHO8pyD8WQEF5529
P3/P4 EL,1Y5lBYbfGcLoipqf92b-eEMsOi6JumnwV
P3/P4 MA,1ZEDVOccKr5dte4Olnv4c6MF_ISmQ
P3/P4 SCI,1-HHvVbcWixrg7GM-NIAlrpcqWIjtXwMN
P1/P2 EL + MA,1JbS7aHQZBEilx9wsWl1OPmPNU_9R-RFu
P1/P2 EL,1tTk-5L6JCXpmosadYhJhs3gLQO539VUk
P1/P2 MA,1T-SD5roPFfydpUOK8rS_bG1883q75xef